{
    "loss": 4.702629089355469,
    "accuracy": 0.5686274766921997
}